{"MergeSort": [[1000, 0.003997325897216797], [1300, 0.004997730255126953], [1600, 0.009993553161621094], [1900, 0.008014678955078125], [2200, 0.007995367050170898], [2500, 0.009994745254516602], [2800, 0.010972023010253906], [3100, 0.013014793395996094], [3400, 0.0139923095703125], [3700, 0.013991117477416992], [4000, 0.02198624610900879], [4300, 0.020009517669677734], [4600, 0.03198528289794922], [4900, 0.02396416664123535], [5200, 0.020987987518310547], [5500, 0.030983686447143555], [5800, 0.0319826602935791], [6100, 0.04897165298461914], [6400, 0.0359647274017334], [6700, 0.031981468200683594], [7000, 0.04097580909729004], [7300, 0.03897905349731445], [7600, 0.035980224609375], [7900, 0.03899955749511719], [8200, 0.05797219276428223], [8500, 0.035979270935058594], [8800, 0.05097055435180664], [9100, 0.057967424392700195], [9400, 0.057947397232055664], [9700, 0.04299783706665039], [10000, 0.056969404220581055]], "SelectionSort": [[1000, 0.041954755783081055], [1300, 0.07895445823669434], [1600, 0.11793279647827148], [1900, 0.18587303161621094], [2200, 0.23084712028503418], [2500, 0.28983473777770996], [2800, 0.32883405685424805], [3100, 0.41674137115478516], [3400, 0.5996370315551758], [3700, 0.6216452121734619], [4000, 0.7066185474395752], [4300, 0.829505205154419], [4600, 1.0743827819824219], [4900, 1.1953201293945312], [5200, 1.3861868381500244], [5500, 1.4112136363983154], [5800, 1.5580871105194092], [6100, 1.8259565830230713], [6400, 2.015847682952881], [6700, 2.06382155418396], [7000, 2.465613603591919], [7300, 2.47458553314209], [7600, 2.6994593143463135], [7900, 2.954313039779663], [8200, 3.18415904045105], [8500, 3.3750720024108887], [8800, 3.718877077102661], [9100, 3.9677298069000244], [9400, 4.048686981201172], [9700, 4.6383514404296875], [10000, 4.610386371612549]], "QuickSort": [[1000, 0.0009987354278564453], [1300, 0.0029764175415039062], [1600, 0.0049970149993896484], [1900, 0.005995988845825195], [2200, 0.00799560546875], [2500, 0.008972883224487305], [2800, 0.008995771408081055], [3100, 0.008016109466552734], [3400, 0.011993408203125], [3700, 0.011972665786743164], [4000, 0.012971878051757812], [4300, 0.014013290405273438], [4600, 0.012993097305297852], [4900, 0.024982929229736328], [5200, 0.02200913429260254], [5500, 0.01596856117248535], [5800, 0.0219881534576416], [6100, 0.022986412048339844], [6400, 0.026983976364135742], [6700, 0.028962373733520508], [7000, 0.019966602325439453], [7300, 0.02500772476196289], [7600, 0.03397965431213379], [7900, 0.02196645736694336], [8200, 0.026986122131347656], [8500, 0.037958383560180664], [8800, 0.023962736129760742], [9100, 0.025984525680541992], [9400, 0.04397773742675781], [9700, 0.030963897705078125], [10000, 0.03000044822692871]], "InsertionSort": [[1000, 0.041976213455200195], [1300, 0.08895015716552734], [1600, 0.13492131233215332], [1900, 0.17192387580871582], [2200, 0.24887919425964355], [2500, 0.2818613052368164], [2800, 0.3567957878112793], [3100, 0.5246796607971191], [3400, 0.5586998462677002], [3700, 0.6985998153686523], [4000, 0.7595648765563965], [4300, 1.0112154483795166], [4600, 1.062415361404419], [4900, 1.25728178024292], [5200, 1.5221102237701416], [5500, 1.463186264038086], [5800, 1.8019871711730957], [6100, 1.805969476699829], [6400, 2.0898282527923584], [6700, 2.3666489124298096], [7000, 2.578528881072998], [7300, 2.7454118728637695], [7600, 2.8043978214263916], [7900, 3.167188882827759], [8200, 3.600964069366455], [8500, 3.7478578090667725], [8800, 3.9177627563476562], [9100, 4.42747163772583], [9400, 4.598391771316528], [9700, 4.74530816078186], [10000, 4.979134559631348]]}