{"QuickSort": [[1000, 0.002997875213623047], [1500, 0.004996061325073242], [2000, 0.004997730255126953], [2500, 0.010995149612426758], [3000, 0.009992361068725586], [3500, 0.013990640640258789], [4000, 0.01299142837524414], [4500, 0.02098679542541504], [5000, 0.02398514747619629], [5500, 0.02298593521118164], [6000, 0.03197884559631348], [6500, 0.025983095169067383], [7000, 0.028981924057006836], [7500, 0.024981260299682617], [8000, 0.030981063842773438], [8500, 0.033979177474975586], [9000, 0.033978939056396484], [9500, 0.032979726791381836], [10000, 0.0539698600769043]], "MergeSort": [[1000, 0.006995439529418945], [1500, 0.006995677947998047], [2000, 0.008994340896606445], [2500, 0.015990018844604492], [3000, 0.017990589141845703], [3500, 0.017988920211791992], [4000, 0.02398514747619629], [4500, 0.04896950721740723], [5000, 0.029980897903442383], [5500, 0.051969289779663086], [6000, 0.03697681427001953], [6500, 0.0419764518737793], [7000, 0.03897595405578613], [7500, 0.04697394371032715], [8000, 0.053965091705322266], [8500, 0.04896950721740723], [9000, 0.06096220016479492], [9500, 0.06096220016479492], [10000, 0.08794021606445312]]}